mean_pixel_value,std_pixel_value,skewness,kurtosis,entropy,contrast,energy,homogeneity,lung_area_ratio,opacity_score,label
141.19,45.53,-0.153,-0.3132,6.6587,47.25,0.1435,0.5014,0.5278,14.32,0
143.73,42.57,0.3923,3.6313,5.8862,16.91,0.1029,0.6104,0.5641,28.9,1
136.29,32.01,0.5904,1.318,5.855,74.01,0.119,0.4583,0.4559,21.19,0
85.62,43.19,-0.0128,1.9534,5.4118,51.09,0.216,0.5861,0.3899,47.04,1
58.7,36.05,1.3254,0.8363,6.8126,65.56,0.1905,0.727,0.6194,21.42,1
129.63,30.0,0.906,0.808,6.9363,47.11,0.1836,0.4438,0.3858,,0
113.85,51.13,-0.1053,2.2914,6.6853,94.42,0.1345,0.5752,0.3743,30.09,0
141.78,49.7,0.7001,1.6245,7.2721,24.69,0.1844,0.723,0.278,22.01,0
149.06,23.56,1.647,2.9536,6.5703,9.75,0.1114,0.5498,0.5317,9.93,1
132.15,43.53,1.6684,3.043,6.8136,12.75,0.1344,0.5312,0.4975,40.06,1
150.8,56.95,-0.8824,2.885,6.7431,64.32,0.2082,0.7396,0.6134,52.9,1
134.88,57.71,-0.6412,2.7863,6.4268,50.35,0.2025,0.5633,0.3088,40.47,0
143.9,57.31,1.2879,4.3933,6.0753,155.63,0.0911,0.7325,0.5367,79.78,1
106.86,45.47,-0.7466,1.2189,8.2713,38.44,0.0987,0.6515,0.4256,63.6,0
122.61,34.86,-0.958,2.4341,6.1384,16.33,0.1565,0.5589,0.4845,28.85,1
133.9,32.0,-0.289,3.8592,5.9673,216.64,0.2536,0.6576,0.2882,28.64,1
152.62,49.14,0.4362,4.0174,6.8472,131.3,0.0351,0.6385,0.5374,44.39,1
116.19,49.55,0.0181,0.7939,6.7015,87.48,0.1667,0.7225,0.4829,18.24,1
143.64,60.45,-0.4205,2.1252,5.3762,117.4,0.0674,0.5342,0.4169,58.33,0
120.02,58.2,-0.4394,4.1297,7.3981,26.93,0.1119,0.6049,0.4716,42.23,1
124.47,43.41,-0.4699,3.1097,6.4246,15.31,0.1281,0.5926,0.3588,40.13,0
152.89,30.07,-0.6036,2.7343,5.6113,20.78,0.1248,0.6845,0.3736,48.74,1
68.21,41.17,1.9253,2.2388,7.451,113.71,0.118,0.477,0.3829,69.46,0
89.11,47.61,0.338,2.0394,7.0005,77.16,0.1504,0.722,0.2718,38.42,0
83.53,42.58,0.8094,2.8459,5.4884,5.0,0.1179,0.656,0.4889,32.74,0
57.99,38.07,-0.2913,2.1972,7.9217,59.43,0.0623,0.442,0.5153,65.17,1
107.65,48.03,-0.0488,2.4489,7.027,17.7,0.1968,0.745,0.3639,54.35,1
150.48,38.95,-0.4708,2.5943,6.4918,170.46,0.1952,0.8681,0.4479,28.58,1
119.45,37.46,-2.0214,1.6863,7.7722,80.07,0.2006,0.7202,0.3988,35.1,1
133.93,48.74,-1.0024,3.1386,6.6274,57.43,0.0576,0.7712,0.4463,38.91,1
160.68,40.18,-1.3485,5.9971,6.4775,40.29,0.1679,0.6102,0.3698,42.24,1
167.83,47.93,-1.6998,0.3676,5.9718,10.87,0.1906,0.4006,0.3493,7.87,0
125.93,48.28,-0.8563,2.8888,6.9655,63.53,0.0881,0.3787,0.5042,4.15,1
168.61,31.33,1.16,1.5878,6.8813,39.65,0.1506,0.6306,0.4149,17.25,1
130.76,39.23,0.0645,3.1929,6.5117,93.48,0.143,0.529,0.5818,15.71,1
102.88,62.25,1.1325,2.5559,5.868,21.33,0.2605,0.4903,0.4237,22.12,1
110.17,31.06,0.4288,3.4142,6.6039,57.19,0.2655,0.5925,0.3459,47.69,1
83.58,19.6,0.726,3.9106,6.4442,5.6,0.0501,0.6739,0.5182,31.62,1
101.36,22.66,-0.6207,2.7309,5.4332,12.12,0.2996,0.4257,0.4705,38.93,1
117.26,45.35,0.5192,3.8585,5.3226,11.66,0.0951,0.5461,0.4781,10.51,1
152.11,45.37,0.683,-0.3132,6.9521,22.75,0.2088,0.7812,0.5152,25.77,1
179.62,43.59,-0.3613,4.4085,4.4185,104.93,0.2082,0.471,0.3678,46.75,0
86.53,59.57,0.5476,2.9501,6.6643,32.72,0.0903,0.7044,0.4098,46.9,1
139.78,12.93,0.553,3.7934,6.1175,38.97,0.1796,0.5418,0.4063,20.51,1
96.78,49.75,-0.3396,1.0361,7.5466,5.0,0.1435,0.6655,0.3167,38.23,0
142.24,63.74,-0.7982,1.5031,6.1052,31.33,0.1833,0.7317,0.3989,,0
124.07,31.47,-0.8473,2.6751,7.0276,34.36,0.1638,0.689,0.5269,,1
73.07,40.44,0.1692,2.4796,6.1825,21.49,0.2218,0.7091,0.439,21.14,1
155.85,35.97,0.3616,2.8397,6.591,55.27,0.1545,0.4618,0.3123,31.52,1
109.85,34.27,-0.534,3.8014,7.0895,35.54,0.1399,0.7336,0.2955,36.84,1
111.98,41.08,0.1213,0.3817,6.13,9.26,0.2158,0.4977,0.5532,31.98,1
95.91,62.13,0.5564,3.6686,7.2972,47.11,0.1848,0.6311,0.4128,34.37,1
108.37,67.05,0.5946,2.5099,5.705,36.21,0.1939,0.631,0.3682,6.13,0
140.84,40.97,1.3415,2.2555,6.7357,21.46,0.1101,0.6582,0.3981,15.75,1
122.32,67.86,1.1216,0.7347,7.2381,5.0,0.0873,0.6404,0.3018,32.01,1
137.86,45.43,-0.701,3.1037,7.028,27.48,0.1159,0.4987,0.5338,31.69,0
138.86,66.04,1.4469,-0.3969,8.0332,124.76,0.1128,0.438,0.3886,23.68,1
167.62,43.88,-0.3248,3.2781,5.8892,93.17,0.1972,0.7047,0.5294,,1
117.72,46.57,0.9359,0.7095,5.3967,44.42,0.2086,0.6223,0.4241,36.22,1
83.69,49.39,0.1544,2.5641,5.7045,10.85,0.1407,0.7379,0.5344,52.79,1
160.02,83.15,-0.2297,2.357,7.0284,75.9,0.2359,0.5946,0.4405,33.02,1
118.06,55.22,-1.3462,3.9034,6.8983,87.08,0.2321,0.4314,0.4883,42.98,1
161.44,36.51,-0.0373,2.2856,6.5818,5.0,0.1646,0.7159,0.4775,24.17,1
139.5,56.63,-1.1475,1.667,5.6016,132.28,0.1007,0.5556,0.4699,,0
124.07,40.66,0.8738,1.8921,7.1135,139.99,0.2445,0.641,0.4478,42.51,1
138.46,39.12,1.3134,4.0275,5.5202,12.76,0.1463,0.5223,0.4014,52.32,1
186.53,55.9,-0.5375,3.1436,7.4272,22.46,0.1576,0.7973,0.5732,49.27,1
190.31,45.37,0.3416,2.0372,8.5,5.0,0.1296,0.4948,0.3474,46.77,1
130.08,48.34,-0.4803,2.2163,6.7932,82.73,0.0966,0.5595,0.4203,33.03,1
132.81,45.17,-0.4028,0.6194,6.9665,37.44,0.0619,0.6129,0.4212,39.9,1
160.29,49.04,0.7196,2.9662,6.1057,63.26,0.188,0.4689,,56.27,1
102.63,50.1,0.0692,0.3882,5.0518,54.45,0.103,0.6397,0.3856,21.96,1
137.99,21.76,1.4917,3.4022,6.0178,69.33,0.3336,0.7934,0.4452,,0
127.22,53.0,-0.2858,2.6543,5.6257,31.5,0.0848,0.5411,,38.63,1
137.42,33.22,0.8995,5.3643,5.3424,14.85,0.0746,0.6474,0.2934,43.31,1
103.0,27.69,0.1779,1.1798,7.8779,29.72,0.1806,0.2701,0.4208,18.52,1
80.31,44.3,0.7366,2.3768,6.7183,8.79,0.2418,0.5953,0.332,33.5,1
65.81,46.01,-0.2577,4.6579,6.8038,211.43,0.1539,0.5624,0.2812,33.12,1
94.48,36.68,0.0604,3.9297,6.2528,27.89,0.1843,0.5018,0.4309,0.0,1
114.24,54.97,0.0076,1.6645,6.3617,16.48,0.0394,0.7298,0.459,30.61,0
119.2,28.89,-0.5688,2.7688,7.2716,22.52,0.1093,0.5609,0.4621,31.85,1
186.12,40.12,0.6297,2.5024,6.4741,23.91,0.0856,0.5787,0.4654,31.79,1
161.18,37.98,0.6202,2.8383,6.9246,35.37,0.0363,0.5547,0.2654,63.32,0
99.14,44.44,0.5748,1.6616,6.3432,35.56,0.157,0.37,0.3111,10.68,1
138.43,48.35,1.3296,2.3928,6.2263,17.88,0.0154,0.4642,0.5779,18.51,1
115.79,32.91,1.2595,0.5823,5.3745,36.11,0.0707,0.7153,0.3362,0.0,1
119.47,53.69,-0.2,2.6621,4.9178,204.34,0.1178,0.3468,0.4689,25.38,1
133.56,45.76,0.3984,3.04,6.2908,6.52,0.1001,0.508,0.365,27.09,1
146.58,22.3,-0.3989,2.2271,6.5452,10.68,0.1738,0.552,0.4264,24.8,1
117.82,21.5,0.1187,0.5619,5.4711,179.68,0.1683,0.8092,0.3693,57.15,1
159.92,44.85,-0.3798,3.6862,6.4724,86.25,0.2036,0.6922,0.4649,52.21,1
93.74,42.35,1.3961,2.9374,6.543,170.01,0.1951,0.5331,0.4309,36.56,1
128.19,43.76,0.391,1.6288,4.7752,62.3,0.2184,0.7565,0.3841,27.59,1
205.93,44.66,-0.0744,2.1633,5.7679,104.4,0.1499,0.5111,0.336,55.52,1
134.69,47.71,1.0549,0.6992,6.8258,5.0,0.1682,0.7211,0.4414,34.6,1
171.0,56.37,-1.6365,1.2695,6.8096,99.7,0.1807,0.4369,,18.63,1
130.75,31.67,-1.5113,1.8546,5.5771,41.56,0.1585,0.7288,0.4542,0.68,1
145.42,30.94,0.7367,3.9741,6.6268,108.53,0.1262,0.5513,0.6301,26.17,1
126.3,31.88,0.1484,1.7326,7.3179,47.27,0.1301,0.4766,0.528,50.09,1
122.89,48.47,0.3004,3.2683,7.1217,5.0,0.1009,0.5739,0.4775,80.53,0
104.62,59.94,-0.9611,1.854,6.4238,19.25,0.1753,0.6333,0.4132,36.23,0
140.91,39.82,0.0814,2.7975,6.1256,11.59,0.1444,0.5406,0.2649,19.69,1
102.45,14.98,1.7028,2.3303,5.9965,69.13,0.1102,0.6665,0.3142,11.3,1
147.97,24.55,0.7594,3.5477,6.8743,55.29,0.1103,0.53,0.5226,46.04,0
160.56,35.0,0.2358,1.8582,6.6561,18.31,0.0774,0.6744,0.3568,0.0,0
139.0,38.31,-0.2512,0.613,7.0035,27.03,0.2087,0.6531,0.3641,46.01,1
119.41,40.1,-0.2157,0.8417,6.6055,12.48,0.1547,0.5927,0.4067,51.35,1
141.62,45.46,-1.6034,1.8617,7.155,11.34,0.0982,0.547,0.335,43.73,1
118.74,41.26,0.3061,1.0011,6.5757,5.45,0.1985,0.6182,0.3219,30.61,1
156.07,57.59,0.7764,2.9923,7.1278,37.4,0.1164,0.666,,46.3,0
73.06,36.89,-1.1605,1.9411,7.1967,15.85,0.0656,0.8474,0.3487,38.42,1
117.93,34.65,-0.4291,5.3495,5.8564,30.69,0.2113,0.7127,0.3607,19.44,1
68.28,50.75,-0.826,0.4147,5.0535,42.78,0.1178,0.7171,0.3575,72.01,1
83.15,26.57,-0.6723,2.7444,7.7348,44.61,0.1255,0.95,0.4618,27.97,1
168.92,49.68,0.1428,1.1465,6.7053,12.02,0.1525,0.6619,0.4014,50.52,1
154.86,46.23,-1.5675,1.9079,5.1284,18.08,0.2186,0.6582,0.4057,0.0,0
106.42,43.23,0.5914,2.6697,5.9289,5.0,0.1512,0.6845,0.4678,60.53,0
82.92,64.06,0.7031,-0.2904,7.1175,26.91,0.0781,0.4789,0.4086,64.38,1
39.06,37.53,-0.1009,2.7842,6.2763,69.5,0.1826,0.5467,0.3977,35.6,1
111.7,69.72,-1.8846,4.7835,6.0904,5.0,0.1209,0.5393,0.4576,46.18,1
200.61,42.29,-0.6971,1.9559,7.6207,90.97,0.2633,0.6777,0.4735,46.17,1
141.05,29.68,1.0863,2.8118,5.6622,113.69,0.1499,0.5791,0.4082,22.14,1
111.21,45.84,-2.1224,3.7299,5.8615,41.86,0.0159,0.6166,0.4264,45.94,1
141.95,32.09,-0.178,2.3033,6.6691,91.18,0.1714,0.7305,0.3575,18.83,1
81.17,35.98,-0.844,1.8028,6.8124,30.94,0.2667,0.7036,0.3511,22.82,1
119.08,49.76,0.7437,-0.2309,6.8971,16.47,0.2446,0.5806,0.4815,57.54,1
130.98,51.67,-0.4401,3.2692,7.229,5.0,0.2599,0.5196,0.4556,54.49,1
125.42,37.53,0.4232,2.3642,6.6589,5.0,0.0888,0.7362,0.4564,20.87,1
151.72,56.85,0.5524,1.2848,6.8915,91.71,0.2047,0.6929,0.4425,20.33,1
138.34,58.89,1.569,2.6519,6.2926,138.26,0.1067,0.4072,0.4237,22.09,1
148.05,62.24,-0.0624,1.7996,6.5502,39.57,0.1635,0.5624,0.4757,49.65,1
107.35,51.35,0.4008,1.8659,6.586,111.57,0.0736,0.6199,0.4948,15.0,0
154.93,61.36,-1.088,3.2275,6.6721,51.28,0.1113,0.6935,0.4929,42.13,1
176.87,22.43,1.0523,0.8939,7.118,83.92,0.1094,0.7092,0.4119,49.94,1
98.9,41.19,-0.5084,3.7568,6.9441,47.25,0.2039,0.6341,,33.24,1
101.37,34.6,-0.3486,0.8228,6.5354,45.13,0.198,0.6702,,55.2,1
168.07,46.43,0.0822,1.7048,5.8527,21.32,0.1666,0.6077,0.4706,28.91,0
122.26,38.14,-1.1503,4.8075,6.5541,47.06,0.069,0.5191,,30.72,1
170.11,43.01,0.283,3.8528,6.4776,15.03,0.1313,0.5686,0.4398,15.46,0
114.72,67.59,0.874,2.6171,6.6545,5.0,0.1052,0.6023,0.3611,55.34,1
171.65,42.96,0.3343,1.3714,8.2652,38.37,0.2022,0.5958,0.4761,,1
131.94,49.97,-1.1711,1.8649,6.081,5.0,0.2207,0.3737,0.6476,42.0,1
135.75,42.21,0.001,2.5879,6.8378,28.42,0.2134,0.5523,0.39,33.57,0
174.94,45.91,0.6936,2.545,7.3548,5.0,0.1047,0.6067,0.4257,13.94,1
117.15,45.07,-1.4024,2.391,6.5784,47.71,0.01,0.5662,0.3843,22.82,1
99.77,50.38,-0.7598,2.463,8.3703,18.92,0.044,0.5704,0.381,62.66,1
114.54,58.98,0.8012,2.2427,6.1976,6.63,0.2353,0.6586,0.5436,,1
141.57,64.77,0.3161,0.7696,6.7593,26.75,0.1259,0.4705,0.3662,14.82,1
81.03,48.72,0.4296,1.8802,5.861,25.18,0.105,0.4046,0.3821,,1
147.12,52.07,1.5876,3.5975,6.2188,73.74,0.2486,0.5582,0.293,32.08,1
111.84,31.19,0.4748,0.858,6.6991,126.1,0.2259,0.6917,0.3594,100.0,0
162.43,43.95,0.6263,2.2725,7.177,70.43,0.1515,0.8025,0.2833,40.7,0
56.17,56.28,2.2686,1.5163,6.7553,6.37,0.1324,0.6939,0.4705,27.39,1
104.4,55.39,-0.071,2.6336,7.5073,13.4,0.1421,0.4238,0.644,63.4,1
77.41,47.54,-0.5383,2.0336,6.424,300.0,0.1636,0.5721,0.3907,0.0,1
103.21,55.64,0.4422,4.2729,6.2343,26.1,0.246,0.6308,0.2867,36.89,1
135.43,50.89,0.4512,3.1079,8.5,25.46,0.1753,0.6213,0.492,74.89,1
122.62,59.4,-0.3214,0.9258,6.8154,84.15,0.1936,0.6647,0.3618,32.68,1
120.4,48.47,-0.7259,3.3055,5.9244,81.2,0.2202,0.49,0.5239,0.33,1
123.22,40.73,1.9479,1.5704,5.9446,7.0,0.0798,0.6078,0.3974,27.08,0
134.1,49.03,0.3615,1.8076,5.7459,45.1,0.1953,0.6504,0.3695,64.09,1
97.74,10.0,-0.4858,2.8766,7.2493,6.22,0.1323,0.6991,0.4058,42.52,0
149.21,49.59,0.8327,1.9099,6.2085,90.88,0.01,0.5033,0.4806,18.22,1
147.88,10.0,0.0127,3.5714,6.6019,5.0,0.0223,0.5586,0.4018,21.3,1
139.55,24.32,-0.1023,1.5706,6.4492,38.37,0.0889,0.2755,0.3803,23.81,1
144.7,50.42,0.5498,1.7573,7.0852,103.98,0.1819,0.5254,0.4041,42.22,1
136.89,50.73,-0.9335,1.7124,5.8226,29.14,0.1568,0.5371,0.3183,61.76,0
189.05,31.05,0.3821,1.8212,5.6395,62.14,0.1611,0.4776,0.4518,56.05,0
125.39,36.45,1.6304,3.819,6.6794,44.35,0.2671,0.6199,0.2771,44.12,1
118.79,61.45,0.4729,3.2546,6.9808,100.01,0.0739,0.5933,0.3845,8.37,0
105.39,39.19,-0.201,4.5519,6.766,152.98,0.1484,0.3289,0.4808,8.44,1
97.03,71.92,-0.3057,5.2212,5.8524,63.2,0.1683,0.6259,0.4442,45.67,1
90.67,44.98,-0.2283,1.2631,7.042,129.54,0.1058,0.4886,0.4672,8.09,1
101.34,49.9,-0.1032,2.5845,5.9049,21.64,0.1517,0.6583,0.4148,30.49,0
125.88,64.4,-0.2022,1.0886,6.0828,39.45,0.054,0.4462,0.5136,41.08,1
138.03,46.57,0.833,1.5669,5.7448,29.86,0.2346,0.6036,0.494,12.25,1
129.53,32.97,-1.2866,1.7439,7.5409,133.71,0.1091,0.566,0.4557,14.51,1
105.03,43.68,0.7896,1.2314,7.0067,85.03,0.2719,0.6364,0.4942,,0
155.01,44.57,-0.2037,1.2377,6.984,18.74,0.1481,0.615,0.48,45.07,0
150.18,28.62,0.4016,2.3269,7.4978,23.45,0.2117,0.5694,0.3848,56.23,1
123.21,41.93,-0.8016,1.0399,8.5,157.69,0.1468,0.4156,0.3125,47.14,0
108.41,36.09,1.1629,3.5106,5.1326,13.79,0.1482,0.4227,0.4536,36.47,0
144.45,56.09,1.0965,1.3987,5.9093,25.48,0.115,0.5299,0.4637,20.08,1
133.64,45.42,0.8677,5.8715,6.0071,22.82,0.1571,0.599,0.5072,13.58,1
84.56,41.61,-1.1118,1.9583,5.8193,5.0,0.1691,0.527,0.3451,24.78,0
125.96,43.73,0.7633,2.5864,5.6379,44.63,0.1029,0.675,0.3475,43.2,1
135.86,47.68,0.4239,0.9456,6.2603,26.92,0.1425,0.5665,0.4568,,1
101.01,52.4,-1.1842,4.5473,5.5267,6.6,0.1134,0.4842,0.4143,0.0,1
133.7,33.0,0.0806,3.8434,6.768,5.0,0.288,0.5666,0.2691,19.29,1
84.36,32.5,0.3916,2.8563,6.5414,27.57,0.1446,0.6271,0.45,59.09,1
168.09,58.26,0.5449,0.8838,6.8848,85.9,0.2427,0.639,0.2718,36.58,0
165.44,40.05,0.2418,2.7528,6.9062,77.17,0.1383,0.8254,0.3444,6.66,1
120.42,28.0,0.333,1.1543,6.9824,13.59,0.1656,0.5197,0.5281,82.12,1
138.9,50.33,1.2789,4.2548,6.2013,18.05,0.0707,0.5912,0.566,34.42,0
55.7,50.56,1.0808,3.471,8.1969,33.23,0.1232,0.6511,0.3227,42.69,1
93.31,26.63,-2.1936,2.6145,6.6875,5.0,0.1626,0.5972,0.3936,42.99,1
119.19,47.75,-0.154,-0.4237,5.01,51.04,0.2452,0.5399,0.4234,27.65,1
95.84,53.83,-0.0317,1.3199,5.6981,14.89,0.1633,0.4141,0.5625,20.45,0
149.43,49.49,-1.3017,3.3253,5.1076,106.47,0.233,0.5387,0.3806,77.43,1
187.92,52.58,0.1753,3.9555,6.5139,52.21,0.1884,0.4712,0.3818,55.06,1
92.7,28.15,1.099,3.831,6.4026,18.69,0.2476,0.3928,0.5439,51.44,0
102.88,48.97,-0.7693,0.5896,6.1253,82.86,0.1465,0.5045,0.39,46.53,0
135.06,41.37,0.3691,2.8619,8.1087,114.33,0.2934,0.4743,0.4778,14.93,1
176.33,39.21,-0.6327,3.7186,6.9392,39.22,0.1209,0.6701,0.3018,60.55,1
91.33,55.45,-0.4375,0.51,7.0809,16.06,0.104,0.6721,0.4063,18.14,1
135.47,62.75,1.2819,2.4905,5.7551,166.01,0.0774,0.4915,0.2872,40.67,1
182.64,66.53,-0.334,2.8286,5.7007,101.11,0.2899,0.5688,0.3356,2.21,1
78.45,60.78,0.4698,2.1391,6.5294,121.98,0.1992,0.377,,0.0,1
89.57,43.68,-1.397,0.2774,6.6384,55.87,0.13,0.5407,0.416,41.37,1
115.29,49.23,1.5899,2.1092,5.015,52.23,0.2249,0.6479,0.3945,18.82,1
112.38,54.2,0.5821,2.1072,6.3558,59.53,0.1913,0.699,0.3601,0.0,1
152.38,46.45,-0.046,2.3223,6.5113,9.01,0.268,0.5144,0.4023,45.81,1
135.25,46.57,0.5604,1.8238,6.3279,46.87,0.0571,0.7262,0.4441,77.4,1
74.75,54.89,-1.0279,1.9684,5.8493,9.53,0.1341,0.4181,0.4986,62.79,0
143.46,44.29,1.046,2.4524,6.0684,14.88,0.1222,0.4503,0.21,29.85,1
110.67,36.25,-0.1592,3.0309,6.3585,19.77,0.0316,0.6852,0.3535,35.18,1
166.23,40.03,-0.0633,2.1347,6.5726,72.35,0.2136,0.8005,0.4327,52.75,1
109.17,52.61,-0.2933,2.0084,6.9838,35.97,0.1338,0.6592,0.4121,57.44,1
108.9,45.04,-0.3645,2.6108,7.3647,35.92,0.1944,0.5952,0.4523,28.13,0
144.23,49.08,0.6557,0.1949,6.2645,53.84,0.2916,0.3366,0.4414,35.68,1
150.89,53.04,0.3047,3.0724,6.1351,35.68,0.1288,0.3573,0.3956,41.01,1
141.44,40.5,0.6214,2.4993,6.8501,63.02,0.1247,0.6155,0.3779,46.08,1
77.43,54.07,0.093,2.5476,6.9887,5.0,0.1571,0.557,0.4004,32.34,1
144.14,49.55,0.5106,3.6529,6.1526,25.45,0.2092,0.4673,0.5119,32.6,0
96.97,30.18,-0.2351,0.1566,7.1323,37.3,0.116,0.6079,0.3614,62.6,1
135.06,62.31,1.8838,0.1314,7.2837,5.83,0.1121,0.6138,0.415,59.19,0
85.29,38.99,-1.1543,2.8286,7.5333,30.73,0.2134,0.7133,0.4347,44.55,1
141.39,25.14,1.1087,2.4915,7.9227,31.34,0.1727,0.6164,0.5448,69.38,1
103.8,32.46,1.1943,2.7042,5.8069,61.46,0.0273,0.7474,0.396,27.27,1
89.52,32.75,-0.5817,1.9454,6.5111,19.69,0.0765,0.601,0.4967,67.46,1
149.41,45.63,1.8834,3.2972,6.509,54.87,0.2401,0.5862,,45.85,1
135.25,41.71,0.8964,3.6192,6.4215,68.36,0.1741,0.7277,0.4149,100.0,1
109.58,40.96,0.8769,3.0808,5.9806,58.98,0.1043,0.4826,0.4031,11.15,0
171.54,52.44,0.1224,2.187,5.3116,16.01,0.1398,0.9377,0.3937,21.21,1
114.78,49.08,-0.0738,-0.0292,6.5741,65.3,0.1508,0.645,0.3995,43.38,0
128.96,48.79,-0.0675,3.4231,5.8853,60.07,0.1941,0.6457,0.4883,42.94,0
136.07,49.92,0.4124,3.9661,6.5688,19.5,0.0685,0.663,0.4385,74.0,1
109.41,52.39,1.2209,3.2735,5.8648,13.31,0.0995,0.8253,0.4388,21.63,0
142.13,19.7,0.2451,1.4444,5.6203,18.71,0.1664,0.6951,0.33,53.1,1
112.0,40.63,-0.6292,3.3086,6.6874,8.66,0.144,0.4074,0.3426,58.25,1
115.65,18.84,0.7595,3.5326,6.6207,41.04,0.1843,0.7684,0.5915,49.09,0
168.88,45.43,0.8369,4.3706,6.9634,37.09,0.0762,0.5591,0.4058,15.78,0
96.78,44.94,0.6237,1.4487,8.2487,29.73,0.1714,0.6129,,,1
55.62,57.55,0.6964,2.2283,6.7218,17.53,0.2155,0.4465,0.5345,59.59,1
176.33,59.25,-0.1167,3.3967,6.8881,5.44,0.1792,0.6631,0.4425,46.99,1
204.48,47.43,-0.6432,2.5689,5.638,114.43,0.1583,0.5218,0.4663,39.09,0
115.84,39.0,-0.5946,1.1592,5.4705,42.69,0.1442,0.612,0.409,39.52,1
69.89,50.82,-1.2084,2.9975,7.7663,75.92,0.0999,0.5659,0.3945,33.43,1
118.69,38.66,0.2896,3.1944,5.7612,89.43,0.1457,0.831,0.4064,47.82,1
119.41,44.98,0.0332,2.6056,5.6648,76.4,0.2256,0.8379,0.3094,35.62,1
122.3,56.83,-0.252,2.7635,6.4687,27.8,0.1429,0.6056,0.413,,1
94.6,38.31,-2.2645,2.1896,6.4278,49.94,0.0966,0.6077,0.4437,14.03,0
145.39,54.67,-0.8979,4.2739,5.778,5.0,0.1205,0.5552,0.568,19.96,1
143.74,53.13,0.9967,1.4192,6.256,85.24,0.1621,0.7327,0.4269,39.44,1
83.17,33.54,-0.4317,1.7952,7.4835,118.97,0.1276,0.5605,0.2333,34.46,1
148.98,56.69,0.3885,2.5132,5.8552,136.88,0.1791,0.5494,0.4125,39.31,1
189.58,53.38,-1.0125,3.5547,5.3851,13.9,0.1814,0.7174,0.6392,45.02,0
133.16,46.22,1.251,0.7032,7.2541,12.46,0.2033,0.5354,0.4893,22.45,1
117.88,35.85,-0.0152,0.9276,6.8938,34.22,0.2354,0.5955,0.3551,64.31,1
123.74,34.69,0.332,0.0547,6.0036,51.18,0.2098,0.4102,0.4673,29.65,1
146.46,38.55,1.9606,2.5392,5.2343,45.99,0.0939,0.6845,,26.33,1
76.08,51.51,1.3132,1.158,5.9043,99.93,0.0958,0.8329,0.3117,44.65,0
132.93,33.53,-0.1453,2.0385,6.4562,37.79,0.1455,0.6865,0.3921,0.0,1
116.29,50.25,-0.3746,3.2937,7.4325,36.36,0.1229,0.7754,0.4273,,1
183.43,30.1,-0.1604,1.7301,5.6707,38.81,0.0817,0.4985,0.2702,54.62,0
122.77,42.55,0.5079,2.7775,6.4324,28.35,0.1235,0.6284,0.3281,0.25,1
178.04,46.32,0.0158,2.1408,7.0401,27.48,0.1215,0.4868,0.4208,57.35,1
94.89,74.34,-0.2162,3.3065,4.595,19.33,0.1097,0.5727,0.3873,65.22,1
145.62,28.47,1.2737,3.0702,7.327,7.59,0.1311,0.6927,0.4516,27.61,1
137.58,62.66,0.0086,1.6697,5.554,15.34,0.2207,0.6122,0.3228,40.84,1
101.93,46.8,1.9397,2.2976,6.7656,7.53,0.162,0.4305,0.4771,57.38,1
133.32,49.93,0.1726,3.7525,6.6973,33.44,0.2983,0.4422,0.3253,25.66,1
164.38,46.42,1.5283,2.9721,7.3677,182.88,0.1602,0.4343,0.5514,52.36,1
118.29,50.34,0.3859,0.8236,6.9407,44.08,0.1326,0.659,0.2827,21.58,1
77.24,43.16,0.8704,3.2867,4.5982,39.35,0.1502,0.8477,0.3326,25.45,1
127.47,62.45,-0.4797,1.1985,5.8722,40.94,0.1654,0.7635,0.4534,19.01,1
100.93,39.52,-0.583,4.195,6.6106,12.42,0.1761,0.3725,0.5531,41.85,1
117.73,58.59,0.4678,3.7289,6.344,33.25,0.2746,0.7705,0.4452,,1
125.55,37.27,0.8908,2.8479,6.8821,11.44,0.0993,0.7124,,31.32,0
76.83,44.28,0.1322,2.6887,7.1315,54.72,0.2015,0.4146,0.4214,,0
79.53,32.14,-0.9291,2.2492,6.9868,92.54,0.1625,0.5636,,13.35,1
142.46,50.46,-0.9882,3.3142,6.3286,12.38,0.0557,0.7315,0.3808,42.89,1
112.32,62.34,-1.0417,2.0551,5.0229,136.55,0.1962,0.6661,,71.88,1
51.06,44.07,-1.3141,2.7827,6.1356,111.02,0.2261,0.4429,0.3177,42.87,1
151.55,42.64,0.1876,3.5463,6.8331,5.0,0.0986,0.6733,0.4521,27.26,1
136.17,31.62,1.0,1.8258,5.6276,22.42,0.1495,0.3435,0.3301,50.32,1
106.58,42.25,0.0893,1.7606,7.005,10.73,0.0465,0.5733,0.4456,30.21,1
88.5,25.89,-1.7083,1.0668,7.2267,8.51,0.0745,0.7366,,27.43,1
153.07,34.05,-0.0526,1.2226,6.6015,88.12,0.2129,0.6022,0.4437,15.83,1
138.48,47.72,-0.0302,0.3059,4.049,62.86,0.122,0.5401,0.3809,63.17,1
199.48,60.83,1.7768,3.3758,5.4775,33.12,0.0835,0.7067,0.5325,0.0,0
140.61,78.71,-1.0657,4.6707,8.009,81.52,0.1638,0.717,,50.96,1
139.63,37.96,-0.2125,4.2104,6.0628,72.48,0.1187,0.7572,0.5189,25.73,0
122.99,62.22,1.4647,0.5487,4.9127,5.0,0.1218,0.7049,0.3595,26.79,1
152.5,47.93,0.46,3.3698,7.4882,5.0,0.1944,0.7298,0.4245,68.85,0
146.75,43.19,0.5507,4.2065,6.5107,71.05,0.0803,0.6879,0.3415,20.72,0
165.55,50.19,0.1917,1.9518,7.384,5.1,0.0957,0.6319,0.3869,,0
112.36,45.74,0.364,2.6217,6.7216,94.37,0.1592,0.6107,0.399,32.39,0
114.94,46.32,0.7221,0.0905,6.8668,51.77,0.2082,0.5715,0.3619,43.28,0
113.63,40.1,-0.5476,2.8201,6.7904,63.92,0.2243,0.4545,0.3228,26.16,1
151.72,28.22,0.8024,1.2237,7.058,26.66,0.1101,0.4854,0.3069,3.52,0
172.95,26.48,-0.9984,2.7396,8.3219,15.59,0.2062,0.5662,0.2328,17.69,1
114.23,52.84,0.3627,0.6266,7.2768,20.4,0.103,0.629,0.3355,60.63,1
115.26,41.68,0.243,3.1514,5.2357,6.3,0.2596,0.7729,0.4702,36.5,1
137.42,37.85,-0.393,3.7294,6.8573,21.33,0.082,0.595,0.2921,44.02,0
120.63,45.1,0.0819,1.5602,7.4132,58.67,0.2297,0.7204,0.3106,29.77,1
156.56,54.54,-0.398,1.1357,7.4622,103.33,0.1106,0.7295,0.5633,21.81,1
60.45,47.16,-0.7574,-0.0872,6.1587,5.0,0.2708,0.5722,0.3691,,1
103.2,37.13,-0.1829,2.1803,7.432,98.76,0.1855,0.6714,0.4457,31.24,1
104.53,59.72,-0.7832,1.8021,7.2422,152.55,0.089,0.5708,0.4714,26.13,1
58.39,63.95,0.3582,0.6388,8.5,131.49,0.1187,0.7587,,56.92,1
99.09,50.93,-0.8201,3.0436,5.9,39.53,0.1969,0.6763,0.2982,20.55,1
100.55,56.68,0.6696,1.96,6.0941,98.44,0.2132,0.4571,0.4015,23.11,1
121.97,59.9,-0.8452,1.2091,6.2551,71.74,0.1458,0.6194,0.2905,35.2,1
161.39,58.56,-0.353,1.8345,6.1078,38.0,0.1527,0.7978,0.6157,35.01,1
120.65,52.37,-0.3997,3.7856,5.788,41.69,0.1955,0.5783,0.2924,40.19,1
97.08,52.18,1.1601,3.2235,4.2899,8.84,0.1579,0.6537,0.3362,76.83,1
126.29,51.24,0.3642,2.344,6.1522,86.57,0.0724,0.6655,0.3368,41.72,1
159.48,31.83,-0.0694,3.2429,6.7955,5.0,0.1012,0.4756,0.3003,0.0,1
98.72,53.41,0.499,1.1069,6.1054,57.57,0.1641,0.6613,0.5282,41.53,0
100.68,28.73,-1.5858,2.5388,8.0483,193.63,0.2229,0.4327,0.6138,,0
144.76,35.46,0.0655,2.6768,6.5107,71.31,0.247,0.5249,0.3819,35.87,1
121.35,60.64,1.698,1.9362,7.5328,40.4,0.1968,0.7291,,39.92,1
147.42,55.08,0.2059,3.0226,6.7091,23.8,0.1672,0.6428,0.241,34.43,1
127.59,62.85,0.1543,1.5635,7.1611,94.39,0.1949,0.5635,0.4005,33.95,0
149.05,41.74,0.5385,3.1118,6.7234,5.0,0.11,0.6536,0.3947,47.26,1
96.95,31.17,0.8165,3.1622,7.595,33.8,0.1408,0.5928,0.3679,24.16,0
127.64,42.11,-1.498,-1.0,6.5448,74.55,0.1006,0.6015,0.4377,16.05,1
121.68,46.22,-1.2459,3.9284,6.8969,20.45,0.0751,0.6788,0.4516,95.48,1
91.52,45.95,0.2682,-1.0,6.7931,24.69,0.17,0.5127,0.4458,20.68,1
81.1,58.6,-0.4719,1.7607,6.2694,5.0,0.1611,0.6048,0.3947,37.0,1
148.57,40.66,1.1496,3.7304,6.824,8.09,0.1913,0.5625,0.3319,5.09,1
117.47,49.22,-0.1521,2.1193,8.2875,5.0,0.1828,0.4097,,37.33,1
97.33,33.14,-1.4476,0.7406,6.2837,21.4,0.1646,0.4895,0.421,16.34,0
125.11,50.4,-0.9144,1.1875,6.8356,36.78,0.1834,0.7882,0.4911,26.15,1
161.84,45.04,-2.0997,3.7323,7.5062,19.89,0.1474,0.6462,0.4832,55.9,1
59.58,36.0,-0.0873,0.1942,7.4122,17.42,0.1748,0.4412,0.3063,44.44,1
83.1,42.17,-0.0507,3.8548,6.5094,57.78,0.1064,0.4152,0.3053,46.37,1
100.31,42.79,-0.2396,2.4339,4.5933,138.34,0.1722,0.5865,0.3596,0.0,1
171.84,41.76,0.9631,1.0691,6.9134,37.65,0.1901,0.7873,0.3355,71.74,0
136.48,66.26,1.0588,1.8003,4.7244,39.39,0.1098,0.5776,0.4804,11.16,1
151.02,43.82,-0.0363,1.2793,7.6759,16.65,0.1531,0.7568,0.4481,65.57,0
93.8,42.07,-1.6078,3.5395,6.6356,23.37,0.1126,0.6422,0.5079,,0
94.41,19.83,0.5938,3.3789,7.2997,20.6,0.1184,0.6566,0.4517,46.55,1
141.43,34.27,0.5443,0.437,5.7783,153.23,0.0825,0.4397,0.4367,17.9,0
129.75,41.84,0.3475,2.0157,5.258,62.11,0.2259,0.7125,0.516,38.03,0
144.46,36.77,0.8852,1.4642,6.7086,76.75,0.2139,0.5598,0.4576,25.58,0
122.37,61.58,-0.8319,4.0522,6.4731,10.73,0.1822,0.7036,0.4254,35.58,1
136.34,43.02,1.707,0.8799,6.1068,86.46,0.2683,0.5023,0.5384,30.0,1
132.74,60.46,-0.6675,4.4251,6.5677,29.09,0.1386,0.6212,0.4292,0.0,1
151.33,45.74,0.6994,2.46,8.5,7.45,0.3319,0.6422,0.3957,57.44,1
152.21,45.45,-1.2499,1.1057,7.1676,51.27,0.1363,0.5815,0.353,33.38,1
79.4,43.93,-0.6442,1.6873,7.3396,7.98,0.1653,0.6485,0.4762,25.3,1
60.58,45.05,1.3131,1.5381,7.1751,30.2,0.1261,0.568,0.519,23.79,1
158.05,65.63,-0.1087,0.9705,7.6836,6.6,0.1723,0.5221,0.416,42.17,1
163.63,17.16,0.7719,2.6138,6.3479,39.41,0.2001,0.7927,0.5246,17.12,1
97.38,20.98,0.2896,1.0265,4.8562,11.3,0.1432,0.7259,0.2624,0.0,0
72.2,38.48,0.016,-0.1164,6.3491,12.05,0.2566,0.5087,0.4156,43.14,0
130.97,45.17,1.1911,2.0444,7.1494,8.11,0.1643,0.6682,0.4168,45.38,1
155.93,53.28,-0.0893,0.3366,5.7242,5.0,0.1662,0.5109,0.3618,31.01,1
181.93,50.68,-1.3246,1.5974,6.3589,6.7,0.0955,0.4578,0.6107,12.04,0
143.49,40.39,-0.5426,1.4091,5.9466,74.52,0.1751,0.7241,0.4147,36.78,1
116.85,57.23,0.541,1.4545,7.7016,23.6,0.142,0.3955,0.3874,5.71,1
101.21,57.36,0.4164,4.9012,7.0996,89.43,0.1135,0.7112,0.4221,,1
128.34,47.21,-1.1536,2.5677,7.0212,133.51,0.1034,0.5697,0.2598,19.99,1
119.02,56.55,-0.4795,2.7944,6.9973,144.73,0.3103,0.5746,0.3592,51.88,1
97.55,48.27,-0.3654,0.3683,6.4702,5.0,0.1342,0.6492,0.4987,27.75,0
189.46,38.26,-0.1924,1.7152,6.658,39.17,0.0626,0.6697,0.3697,26.04,1
181.56,53.37,-1.0007,2.7584,5.5519,5.35,0.1081,0.5008,0.3537,74.09,1
162.08,46.33,-0.4027,1.2706,4.7508,106.24,0.1469,0.6861,0.5248,42.05,0
100.37,45.02,-0.4829,3.5897,6.6201,75.92,0.1828,0.6136,,41.78,0
153.65,62.68,0.7172,1.0568,6.7592,22.44,0.1833,0.4493,0.4614,27.61,1
147.19,15.59,0.7473,2.1564,7.4674,24.58,0.1906,0.5796,0.3836,23.07,1
141.28,27.99,-0.0166,1.7967,7.7571,40.6,0.1113,0.7658,0.4008,0.0,1
165.49,30.76,-0.2136,2.6972,7.756,58.6,0.1704,0.8012,0.3557,54.37,1
147.06,40.64,0.2119,1.7314,5.7016,92.98,0.0974,0.6861,0.3404,43.97,1
150.2,41.94,-0.5533,2.1749,6.2182,5.79,0.1128,0.4572,0.3364,31.42,0
147.11,26.91,-0.8175,2.2166,6.8843,41.18,0.0949,0.6589,0.3706,32.26,1
138.22,33.18,-0.6522,1.6187,8.5,23.96,0.0787,0.7021,0.3372,49.72,1
74.49,34.67,-0.4079,3.0821,7.6841,15.98,0.2139,0.6871,0.2949,3.91,1
130.51,74.49,-0.8308,2.7861,7.3955,61.51,0.1913,0.6942,0.4376,23.2,1
111.31,66.62,0.2296,2.3937,6.1898,25.7,0.2086,0.6436,0.4388,12.27,0
89.6,40.06,0.6838,1.9834,5.7934,70.65,0.1524,0.5913,0.5561,70.43,0
178.45,40.64,-1.1697,3.4559,7.1311,87.61,0.1966,0.527,0.3665,52.51,1
179.87,31.21,0.1201,2.217,5.6195,23.67,0.0443,0.3722,0.4437,0.0,1
168.78,22.1,-0.0759,2.132,6.3093,5.0,0.2018,0.6408,0.445,4.72,0
135.66,43.6,0.3732,2.6256,6.4082,176.28,0.1606,0.6223,0.3997,32.35,1
168.52,33.03,0.0896,4.5359,7.7743,61.13,0.1876,0.6669,0.4795,25.55,0
128.36,43.98,-1.0629,0.8916,6.2162,113.54,0.1728,0.4395,0.482,8.51,1
134.08,25.8,-0.9099,3.4238,4.5486,5.0,0.0908,0.6774,0.4462,73.9,0
95.2,35.86,0.1235,0.2282,6.9036,6.97,0.0601,0.8465,0.3995,41.25,1
139.91,46.78,0.923,2.7607,5.9408,5.0,0.1073,0.6094,0.3914,44.5,1
129.81,49.39,-1.6713,4.3901,6.5341,12.29,0.1839,0.5926,0.3106,21.16,1
88.92,50.01,0.3766,3.0864,6.4306,5.0,0.1914,0.6371,0.3555,49.45,1
126.46,29.15,1.0517,2.7048,6.281,104.87,0.0679,0.8439,0.3702,27.39,1
125.61,55.26,-0.0224,1.8275,7.1323,18.89,0.0911,0.4772,0.3301,29.33,1
181.93,35.4,0.5402,2.5373,5.2737,79.91,0.1066,0.6244,0.4552,47.22,0
154.83,52.59,-0.4625,2.1975,6.0864,89.33,0.1286,0.504,0.5157,2.42,1
128.34,44.87,0.0045,1.5568,7.0472,88.61,0.0683,0.5344,0.3474,66.94,1
135.46,28.48,-1.1967,2.1521,6.0087,33.15,0.0647,0.594,0.4427,38.65,1
